1,1,山田　みき
2,1,辻　清人
3,1,石原　ひろたか
4,1,平　将明
5,1,若宮　けんじ
6,1,おち　たかお
7,1,松本　文明
8,1,石原　のぶてる
9,1,すがわら　一秀
10,1,小池　ゆりこ
11,1,下村　博文
13,1,かもした　一郎
14,1,松島　みどり
15,1,あきもと　司
16,1,大西ひでお
17,1,平沢　勝栄
18,1,土屋　正忠
19,1,松本　洋平
20,1,木原　誠二
21,1,小田原　きよし
22,1,伊藤　達也
23,1,小倉　まさのぶ
24,1,はぎうだ　光一
25,1,井上　信治
1,9,海江田　万里
2,9,中山　よしかつ
3,9,まつばら　仁
4,9,藤田　のりひこ
5,9,手塚　よしお
7,9,ながつま　昭
8,9,円　より子
10,9,えばた　貴子
11,9,熊木　美奈子
13,9,長谷川　貴子
14,9,木村　剛司
18,9,菅　直人
19,9,末松　義規
20,9,竹田　光明
21,9,長島　昭久
22,9,山花　郁夫
23,9,くしぶち　万里
24,9,あくつ　幸彦
25,9,山下　容子
2,3,大熊　利昭
6,3,落合　貴之
9,3,木内　たかたね
15,3,柿沢　未途
16,3,初鹿　明博
17,3,高橋　みほ
23,3,伊藤　しゅんすけ
1,12,渡辺　徹
4,12,いぬぶし　秀一
7,12,吉田　康一郎
10,12,神谷　ちづ子
12,12,田母神　としお
13,12,和田　ともゆき
16,12,石井　よしあき
19,12,山田　宏
22,12,かの　あきら
24,12,藤井　よしひろ
1,7,冨田　なおき
2,7,石沢　のりゆき
3,7,香西　かつ介
4,7,山本　純平
5,7,沢井　正代
6,7,岸　たけし
7,7,太田　のりおき
8,7,沢田　しんご
9,7,原　純子
10,7,今　秀子
11,7,山内　金久
12,7,池内　さおり
13,7,そぶえ　元希
14,7,あとう　和之
15,7,吉田　としお
16,7,大田　朝子
17,7,新井　杉生
18,7,ゆうき　亮
19,7,小泉　たみじ
20,7,池田　真理子
21,7,吉岡　正史
22,7,坂内　淳
23,7,松村　りょうすけ
24,7,市川　かつひろ
25,7,井上　たかし
